Left value, Right value, Center value, Class
183, 299, 37, 0
184, 296, 37, 0
183, 302, 37, 0
184, 300, 37, 0
188, 298, 37, 0
183, 302, 37, 0
184, 299, 37, 0
182, 299, 37, 0
184, 297, 37, 0
183, 297, 37, 0
184, 297, 37, 0
184, 296, 37, 0
185, 304, 37, 0
184, 297, 37, 0
184, 296, 37, 0
184, 298, 37, 0
184, 299, 37, 0
183, 297, 37, 0
184, 301, 37, 0
183, 297, 37, 0
187, 299, 37, 0
184, 300, 37, 0
187, 298, 37, 0
184, 298, 37, 0
184, 299, 37, 0
185, 295, 37, 0
183, 299, 37, 0
184, 297, 36, 0
183, 293, 36, 0
188, 286, 36, 0
183, 276, 37, 0
184, 270, 36, 0
184, 254, 37, 0
184, 218, 37, 0
183, 203, 37, 0
179, 204, 37, 0
179, 204, 37, 0
180, 195, 37, 0
185, 195, 37, 0
179, 192, 37, 0
179, 175, 37, 0
179, 174, 37, 0
176, 178, 37, 0
184, 179, 37, 0
179, 179, 37, 0
179, 172, 37, 0
184, 167, 37, 0
184, 175, 37, 0
176, 184, 38, 0
180, 195, 37, 0
179, 219, 37, 0
190, 235, 38, 0
179, 236, 38, 0
184, 242, 38, 0
179, 248, 37, 0
183, 251, 37, 0
181, 254, 37, 0
183, 263, 37, 0
184, 267, 37, 0
183, 276, 37, 0
182, 279, 37, 0
184, 283, 37, 0
184, 292, 37, 0
184, 294, 37, 0
184, 300, 37, 0
184, 308, 37, 0
188, 310, 37, 0
184, 316, 37, 0
183, 324, 37, 0
185, 325, 37, 0
183, 326, 37, 0
184, 332, 37, 0
183, 351, 37, 0
188, 356, 37, 0
183, 375, 37, 0
185, 384, 37, 0
190, 397, 36, 0
187, 416, 37, 0
184, 436, 37, 0
188, 446, 36, 0
191, 453, 37, 0
184, 456, 36, 0
184, 452, 36, 0
184, 450, 37, 0
188, 455, 36, 0
184, 459, 36, 0
187, 456, 36, 0
188, 452, 36, 0
187, 456, 36, 0
188, 457, 36, 0
196, 462, 36, 0
189, 459, 36, 0
187, 457, 36, 0
188, 451, 36, 0
188, 443, 36, 0
190, 447, 36, 0
187, 443, 36, 0
187, 438, 36, 0
188, 434, 36, 0
183, 430, 36, 0
188, 423, 36, 0
183, 418, 36, 0
188, 415, 36, 0
188, 408, 36, 0
183, 403, 36, 0
183, 387, 36, 0
188, 373, 36, 0
184, 358, 36, 0
187, 350, 36, 0
184, 337, 36, 0
183, 323, 36, 0
186, 319, 36, 0
183, 312, 36, 0
183, 302, 36, 0
184, 288, 36, 0
187, 273, 36, 0
180, 280, 36, 0
183, 275, 36, 0
184, 274, 36, 0
184, 274, 36, 0
184, 275, 36, 0
184, 269, 36, 0
184, 270, 36, 0
185, 270, 36, 0
184, 271, 36, 0
184, 271, 36, 0
184, 267, 36, 0
184, 270, 36, 0
188, 267, 36, 0
184, 272, 36, 0
184, 268, 36, 0
184, 275, 36, 0
182, 268, 36, 0
184, 268, 36, 0
184, 267, 36, 0
184, 268, 36, 0
184, 270, 36, 0
184, 272, 36, 0
184, 271, 36, 0
182, 266, 36, 0
184, 268, 36, 0
184, 271, 36, 0
184, 270, 36, 0
184, 269, 36, 0
184, 271, 36, 0
184, 265, 36, 0
184, 267, 36, 0
183, 268, 36, 0
184, 270, 36, 0
183, 271, 36, 0
183, 271, 36, 0
197, 271, 36, 0
184, 269, 36, 0
185, 271, 36, 0
184, 271, 36, 0
188, 276, 36, 0
188, 270, 36, 0
188, 271, 36, 0
184, 260, 36, 0
184, 243, 36, 0
184, 235, 36, 0
182, 238, 36, 0
184, 230, 36, 0
184, 229, 36, 0
184, 223, 36, 0
186, 222, 36, 0
183, 211, 36, 0
179, 209, 36, 0
183, 207, 36, 0
73, 352, 91, 0
183, 202, 36, 0
179, 195, 36, 0
179, 190, 36, 0
180, 193, 36, 0
179, 205, 36, 0
182, 222, 36, 0
180, 229, 36, 0
180, 243, 36, 0
184, 255, 36, 0
185, 263, 36, 0
179, 273, 36, 0
183, 274, 36, 0
179, 278, 36, 0
184, 288, 36, 0
184, 293, 36, 0
184, 298, 36, 0
184, 310, 36, 0
183, 313, 36, 0
180, 326, 36, 0
184, 332, 36, 0
185, 336, 36, 0
184, 342, 36, 0
184, 376, 36, 0
189, 397, 37, 0
184, 417, 37, 0
186, 428, 37, 0
184, 436, 37, 0
184, 441, 38, 0
186, 446, 38, 0
179, 455, 38, 0
179, 356, 89, 0
184, 461, 39, 0
184, 465, 39, 0
187, 463, 39, 0
179, 464, 39, 0
180, 468, 39, 0
179, 470, 39, 0
183, 468, 40, 0
179, 469, 40, 0
181, 464, 40, 0
180, 469, 40, 0
185, 469, 40, 0
187, 462, 40, 0
184, 464, 40, 0
180, 467, 40, 0
180, 467, 40, 0
180, 468, 40, 0
180, 470, 40, 0
181, 461, 40, 0
184, 460, 40, 0
180, 457, 40, 0
184, 454, 40, 0
180, 456, 40, 0
179, 443, 39, 0
182, 437, 40, 0
180, 435, 1, 0
181, 422, 39, 0
180, 400, 40, 0
181, 377, 39, 0
182, 363, 40, 0
181, 350, 40, 0
187, 340, 39, 0
183, 328, 40, 0
180, 321, 40, 0
180, 319, 40, 0
183, 316, 40, 0
189, 312, 40, 0
179, 306, 40, 0
180, 300, 40, 0
184, 291, 40, 0
184, 286, 40, 0
175, 283, 40, 0
180, 274, 40, 0
179, 276, 40, 0
185, 264, 39, 0
180, 262, 40, 0
178, 258, 40, 0
180, 254, 40, 0
179, 258, 40, 0
176, 252, 39, 0
180, 250, 39, 0
176, 247, 39, 0
179, 246, 40, 0
175, 240, 39, 0
175, 240, 39, 0
171, 238, 39, 0
175, 237, 39, 0
179, 235, 39, 0
179, 230, 39, 0
175, 231, 39, 0
174, 230, 38, 0
175, 227, 38, 0
175, 222, 39, 0
180, 215, 38, 0
176, 219, 38, 0
175, 215, 37, 0
175, 200, 37, 0
176, 198, 38, 0
176, 198, 37, 0
177, 192, 37, 0
184, 188, 37, 0
196, 187, 38, 0
159, 192, 38, 0
181, 200, 38, 0
172, 206, 38, 0
180, 203, 38, 0
177, 200, 38, 0
176, 190, 37, 0
180, 192, 37, 0
163, 192, 37, 0
177, 183, 37, 0
147, 183, 37, 0
176, 188, 37, 0
179, 189, 37, 0
177, 184, 37, 0
182, 192, 37, 0
181, 191, 36, 0
176, 204, 37, 0
175, 223, 36, 0
167, 252, 37, 0
187, 259, 36, 0
188, 265, 37, 0
195, 274, 36, 0
172, 282, 36, 0
188, 291, 36, 0
188, 299, 36, 0
184, 300, 37, 0
183, 310, 36, 0
180, 312, 37, 0
183, 327, 36, 0
177, 316, 37, 0
191, 324, 37, 0
184, 329, 37, 0
163, 336, 1, 0
179, 338, 37, 0
227, 344, 37, 0
188, 350, 37, 0
184, 358, 37, 0
181, 378, 37, 0
184, 388, 37, 0
183, 402, 37, 0
184, 416, 37, 0
185, 423, 37, 0
184, 438, 37, 0
180, 444, 37, 0
178, 450, 37, 0
176, 459, 37, 0
199, 457, 37, 0
184, 484, 37, 0
209, 515, 37, 0
213, 527, 37, 0
176, 535, 38, 0
184, 532, 38, 0
185, 544, 38, 0
175, 538, 38, 0
197, 529, 38, 0
156, 516, 39, 0
193, 508, 39, 0
191, 490, 39, 0
156, 478, 39, 0
199, 465, 39, 0
176, 439, 39, 0
183, 439, 39, 0
180, 429, 39, 0
172, 418, 39, 0
184, 412, 39, 0
182, 387, 39, 0
184, 382, 39, 0
179, 360, 39, 0
184, 351, 39, 0
180, 336, 39, 0
180, 321, 39, 0
180, 307, 39, 0
184, 302, 39, 0
181, 290, 39, 0
184, 276, 39, 0
179, 266, 39, 0
175, 260, 39, 0
176, 251, 39, 0
175, 246, 38, 0
180, 238, 38, 0
179, 235, 39, 0
179, 231, 39, 0
180, 227, 38, 0
180, 221, 39, 0
176, 210, 39, 0
180, 208, 38, 0
179, 199, 38, 0
180, 195, 38, 0
179, 199, 38, 0
182, 190, 38, 0
180, 186, 38, 0
180, 184, 38, 0
180, 184, 38, 0
178, 173, 38, 0
176, 168, 38, 0
180, 166, 37, 0
180, 167, 37, 0
184, 163, 37, 0
181, 164, 38, 0
179, 165, 37, 0
180, 162, 37, 0
180, 164, 37, 0
181, 167, 37, 0
178, 164, 1, 0
177, 164, 37, 0
184, 163, 37, 0
179, 164, 37, 0
183, 163, 1, 0
179, 163, 37, 0
184, 163, 37, 0
179, 167, 37, 0
176, 167, 37, 0
181, 167, 37, 0
179, 172, 37, 0
175, 173, 37, 0
180, 176, 37, 0
187, 175, 37, 0
184, 186, 37, 0
178, 194, 37, 0
179, 218, 37, 0
179, 234, 36, 0
167, 251, 36, 0
141, 257, 36, 0
230, 263, 36, 0
159, 262, 36, 0
188, 266, 36, 0
180, 275, 36, 0
184, 273, 37, 0
183, 273, 37, 0
184, 276, 36, 0
188, 276, 37, 0
185, 284, 37, 0
188, 285, 36, 0
176, 295, 37, 0
176, 302, 36, 0
197, 308, 37, 0
175, 311, 37, 0
188, 316, 37, 0
188, 325, 36, 0
182, 332, 36, 0
183, 336, 36, 0
184, 349, 36, 0
184, 350, 36, 0
184, 366, 36, 0
188, 381, 36, 0
184, 395, 37, 0
184, 408, 37, 0
183, 417, 36, 0
184, 431, 36, 0
184, 434, 36, 0
184, 443, 36, 0
184, 449, 36, 0
184, 457, 36, 0
183, 460, 37, 0
183, 467, 37, 0
187, 467, 37, 0
188, 472, 37, 0
185, 477, 37, 0
183, 472, 37, 0
184, 470, 37, 0
184, 469, 37, 0
184, 475, 37, 0
184, 472, 37, 0
184, 469, 37, 0
184, 471, 37, 0
184, 476, 37, 0
184, 471, 37, 0
184, 472, 38, 0
184, 468, 37, 0
184, 451, 37, 0
188, 436, 38, 0
180, 422, 38, 0
185, 407, 38, 0
183, 406, 38, 0
183, 396, 38, 0
179, 389, 39, 0
183, 383, 38, 0
183, 385, 39, 0
179, 376, 38, 0
185, 369, 38, 0
184, 358, 39, 0
180, 347, 39, 0
180, 341, 39, 0
184, 335, 39, 0
184, 332, 39, 0
183, 320, 39, 0
180, 317, 40, 0
180, 314, 40, 0
180, 305, 40, 0
188, 302, 40, 0
184, 298, 39, 0
179, 294, 40, 0
181, 292, 40, 0
180, 290, 40, 0
180, 291, 40, 0
181, 287, 40, 0
180, 281, 40, 0
176, 277, 40, 0
180, 279, 40, 0
181, 272, 40, 0
180, 267, 40, 0
184, 268, 40, 0
176, 263, 40, 0
180, 263, 39, 0
180, 260, 40, 0
180, 255, 39, 0
184, 255, 40, 0
176, 255, 39, 0
180, 254, 39, 0
179, 256, 39, 0
176, 254, 39, 0
180, 252, 39, 0
180, 252, 39, 0
179, 252, 39, 0
179, 244, 39, 0
180, 248, 39, 0
180, 248, 39, 0
180, 242, 39, 0
176, 238, 39, 0
180, 237, 39, 0
180, 236, 38, 0
176, 231, 38, 0
181, 231, 38, 0
180, 227, 38, 0
180, 218, 38, 0
179, 208, 37, 0
176, 203, 37, 0
197, 193, 38, 1
197, 189, 38, 1
196, 191, 38, 1
191, 191, 38, 1
193, 187, 37, 1
191, 193, 37, 1
193, 187, 37, 1
192, 185, 37, 1
188, 187, 37, 1
188, 192, 37, 1
191, 191, 36, 1
192, 190, 36, 1
188, 191, 36, 1
192, 191, 36, 1
191, 192, 36, 1
191, 191, 35, 1
187, 192, 35, 1
192, 190, 35, 1
192, 191, 35, 1
193, 194, 35, 1
192, 191, 36, 1
192, 190, 35, 1
192, 191, 35, 1
193, 191, 35, 1
201, 192, 35, 1
196, 192, 36, 1
195, 192, 35, 1
196, 190, 36, 1
196, 192, 36, 1
196, 191, 36, 1
197, 190, 35, 1
201, 189, 36, 1
200, 192, 36, 1
199, 191, 35, 1
199, 191, 36, 1
204, 187, 36, 1
200, 194, 36, 1
207, 192, 36, 1
212, 193, 37, 1
211, 191, 37, 1
212, 189, 38, 1
212, 188, 38, 1
210, 184, 38, 1
220, 188, 39, 1
223, 188, 39, 1
227, 186, 39, 1
236, 186, 39, 1
231, 186, 40, 1
231, 187, 40, 1
231, 184, 40, 1
228, 188, 40, 1
226, 183, 40, 1
81, 390, 113, 1
228, 388, 111, 1
227, 382, 111, 1
228, 184, 40, 1
223, 184, 40, 1
219, 183, 41, 1
219, 185, 41, 1
216, 188, 40, 1
216, 185, 40, 1
216, 185, 40, 1
217, 183, 40, 1
216, 183, 40, 1
212, 189, 40, 1
212, 187, 40, 1
205, 184, 40, 1
207, 183, 40, 1
200, 187, 40, 1
200, 187, 39, 1
198, 188, 39, 1
195, 188, 39, 1
193, 188, 38, 1
191, 184, 39, 1
188, 188, 38, 1
189, 184, 38, 1
188, 187, 38, 1
188, 182, 38, 1
188, 186, 37, 1
187, 187, 38, 1
188, 186, 38, 1
188, 187, 37, 1
188, 188, 37, 1
187, 186, 37, 1
188, 189, 37, 1
184, 188, 36, 1
192, 188, 36, 1
188, 188, 36, 1
188, 192, 36, 1
188, 191, 36, 1
188, 187, 36, 1
187, 187, 36, 1
189, 192, 36, 1
188, 191, 36, 1
188, 191, 35, 1
188, 189, 35, 1
191, 192, 35, 1
188, 191, 35, 1
188, 195, 35, 1
188, 192, 35, 1
188, 190, 35, 1
191, 191, 35, 1
188, 192, 34, 1
192, 192, 34, 1
192, 191, 34, 1
191, 191, 35, 1
189, 191, 35, 1
192, 192, 34, 1
193, 192, 34, 1
191, 192, 34, 1
193, 191, 34, 1
192, 199, 35, 1
196, 195, 1, 1
195, 192, 35, 1
196, 196, 35, 1
195, 190, 35, 1
200, 192, 35, 1
196, 192, 35, 1
196, 190, 35, 1
196, 192, 35, 1
196, 192, 35, 1
196, 192, 35, 1
200, 192, 35, 1
199, 190, 35, 1
201, 192, 35, 1
199, 192, 35, 1
200, 190, 35, 1
200, 376, 99, 1
204, 192, 36, 1
203, 191, 35, 1
204, 191, 36, 1
203, 187, 36, 1
208, 188, 36, 1
204, 186, 36, 1
212, 186, 36, 1
209, 192, 37, 1
207, 186, 37, 1
209, 187, 37, 1
208, 188, 37, 1
203, 184, 37, 1
204, 187, 37, 1
204, 192, 37, 1
200, 187, 37, 1
199, 188, 37, 1
199, 190, 36, 1
200, 187, 36, 1
199, 187, 36, 1
195, 187, 36, 1
200, 188, 36, 1
195, 186, 36, 1
196, 188, 36, 1
193, 190, 36, 1
195, 187, 36, 1
192, 186, 36, 1
191, 195, 36, 1
192, 191, 36, 1
192, 190, 36, 1
190, 186, 35, 1
192, 190, 36, 1
192, 190, 35, 1
188, 192, 35, 1
192, 192, 35, 1
188, 192, 35, 1
192, 195, 35, 1
187, 191, 35, 1
192, 192, 35, 1
187, 196, 35, 1
192, 191, 35, 1
188, 195, 35, 1
188, 195, 35, 1
188, 195, 35, 1
188, 196, 35, 1
188, 196, 35, 1
189, 195, 34, 1
188, 192, 34, 1
189, 190, 34, 1
195, 195, 34, 1
189, 196, 34, 1
188, 196, 34, 1
188, 194, 34, 1
188, 189, 34, 1
188, 195, 34, 1
187, 196, 34, 1
192, 199, 34, 1
189, 198, 34, 1
188, 199, 34, 1
188, 195, 34, 1
191, 197, 34, 1
187, 196, 34, 1
193, 191, 34, 1
195, 192, 34, 1
187, 195, 35, 1
188, 200, 35, 1
195, 191, 36, 1
189, 192, 36, 1
191, 192, 37, 1
195, 191, 37, 1
193, 187, 38, 1
188, 187, 38, 1
196, 187, 39, 1
199, 188, 39, 1
196, 187, 40, 1
195, 188, 40, 1
195, 182, 40, 1
196, 182, 40, 1
195, 188, 40, 1
195, 188, 41, 1
199, 187, 41, 1
192, 188, 41, 1
195, 184, 41, 1
192, 184, 41, 1
192, 187, 40, 1
191, 188, 40, 1
193, 187, 41, 1
192, 189, 41, 1
193, 184, 41, 1
191, 187, 41, 1
192, 188, 40, 1
192, 188, 41, 1
193, 187, 41, 1
187, 187, 40, 1
189, 188, 40, 1
188, 185, 40, 1
189, 186, 40, 1
191, 187, 40, 1
189, 188, 40, 1
188, 187, 40, 1
189, 187, 40, 1
192, 192, 40, 1
193, 191, 40, 1
193, 188, 40, 1
192, 184, 40, 1
196, 186, 41, 1
196, 187, 41, 1
201, 188, 41, 1
199, 187, 41, 1
201, 183, 41, 1
201, 185, 41, 1
200, 188, 41, 1
205, 183, 41, 1
204, 188, 41, 1
203, 183, 41, 1
208, 189, 41, 1
203, 185, 41, 1
204, 182, 41, 1
204, 182, 41, 1
209, 184, 41, 1
208, 188, 41, 1
208, 184, 41, 1
209, 183, 41, 1
211, 184, 41, 1
216, 183, 41, 1
212, 185, 41, 1
219, 183, 41, 1
215, 184, 41, 1
220, 184, 41, 1
224, 187, 41, 1
224, 185, 41, 1
223, 184, 41, 1
227, 183, 40, 1
225, 184, 40, 1
228, 183, 40, 1
230, 182, 40, 1
231, 183, 39, 1
232, 187, 40, 1
231, 188, 40, 1
224, 187, 39, 1
220, 188, 39, 1
215, 187, 38, 1
215, 187, 38, 1
205, 184, 37, 1
206, 186, 38, 1
204, 186, 37, 1
201, 188, 37, 1
203, 188, 37, 1
201, 188, 38, 1
196, 187, 37, 1
201, 192, 37, 1
195, 188, 37, 1
197, 188, 37, 1
196, 189, 37, 1
196, 187, 37, 1
195, 188, 37, 1
196, 191, 37, 1
196, 189, 37, 1
197, 193, 37, 1
195, 188, 37, 1
193, 186, 37, 1
192, 187, 37, 1
196, 187, 38, 1
191, 191, 37, 1
191, 187, 38, 1
192, 189, 38, 1
193, 188, 38, 1
188, 209, 37, 1
188, 188, 38, 1
187, 186, 38, 1
191, 188, 38, 1
187, 188, 38, 1
191, 191, 38, 1
193, 187, 38, 1
187, 193, 38, 1
193, 188, 38, 1
191, 188, 39, 1
192, 187, 38, 1
188, 188, 39, 1
191, 187, 39, 1
187, 187, 39, 1
196, 183, 39, 1
188, 184, 1, 1
192, 186, 1, 1
188, 184, 40, 1
192, 184, 40, 1
188, 184, 40, 1
196, 184, 40, 1
192, 182, 40, 1
200, 183, 40, 1
195, 188, 40, 1
195, 187, 40, 1
201, 184, 41, 1
196, 183, 41, 1
199, 188, 41, 1
199, 188, 41, 1
200, 182, 41, 1
204, 183, 41, 1
204, 185, 41, 1
207, 184, 41, 1
209, 183, 41, 1
207, 184, 41, 1
208, 184, 41, 1
211, 184, 41, 1
213, 184, 41, 1
215, 182, 41, 1
220, 186, 41, 1
221, 184, 41, 1
220, 185, 41, 1
221, 182, 41, 1
224, 185, 41, 1
220, 184, 40, 1
220, 184, 40, 1
224, 183, 40, 1
220, 182, 40, 1
217, 183, 39, 1
222, 182, 39, 1
221, 188, 39, 1
215, 187, 39, 1
213, 183, 39, 1
208, 183, 38, 1
213, 187, 38, 1
207, 188, 38, 1
209, 188, 37, 1
203, 192, 37, 1
204, 186, 37, 1
200, 188, 37, 1
201, 189, 37, 1
200, 188, 37, 1
197, 185, 38, 1
195, 187, 38, 1
196, 186, 38, 1
191, 189, 37, 1
196, 188, 37, 1
195, 188, 37, 1
193, 190, 37, 1
192, 188, 38, 1
191, 188, 38, 1
196, 187, 38, 1
192, 188, 38, 1
192, 188, 38, 1
192, 185, 38, 1
194, 188, 38, 1
195, 190, 39, 1
192, 188, 39, 1
192, 186, 38, 1
197, 192, 39, 1
196, 188, 39, 1
193, 188, 39, 1
192, 187, 39, 1
191, 185, 39, 1
189, 187, 39, 1
188, 187, 39, 1
191, 190, 39, 1
193, 186, 39, 1
190, 188, 39, 1
191, 188, 39, 1
192, 188, 39, 1
188, 189, 39, 1
193, 187, 39, 1
192, 188, 39, 1
188, 186, 39, 1
188, 184, 39, 1
187, 193, 39, 1
188, 189, 39, 1
192, 188, 39, 1
188, 187, 39, 1
192, 188, 39, 1
195, 186, 39, 1
192, 188, 39, 1
196, 188, 39, 1
196, 186, 39, 1
195, 188, 39, 1
196, 191, 39, 1
199, 187, 39, 1
199, 188, 39, 1
199, 188, 39, 1
204, 188, 39, 1
201, 188, 39, 1
204, 187, 39, 1
205, 188, 39, 1
204, 187, 39, 1
204, 188, 39, 1
207, 187, 39, 1
210, 188, 39, 1
207, 188, 39, 1
211, 187, 39, 1
213, 189, 39, 1
215, 191, 39, 1
217, 188, 39, 1
219, 187, 39, 1
220, 187, 39, 1
220, 188, 39, 1
220, 187, 39, 1
79, 364, 114, 1
79, 364, 115, 1
231, 186, 40, 1
238, 187, 39, 1
236, 186, 39, 1
238, 188, 39, 1
231, 192, 39, 1
231, 187, 39, 1
228, 189, 39, 1
231, 191, 39, 1
220, 187, 38, 1
220, 184, 38, 1
217, 191, 38, 1
216, 191, 38, 1
213, 186, 37, 1
211, 190, 37, 1
209, 188, 38, 1
208, 192, 37, 1
204, 187, 37, 1
204, 188, 37, 1
204, 188, 37, 1
200, 187, 36, 1
201, 191, 36, 1
199, 192, 37, 1
197, 193, 36, 1
196, 190, 36, 1
197, 192, 36, 1
195, 187, 36, 1
196, 190, 36, 1
199, 192, 36, 1
193, 191, 36, 1
196, 192, 36, 1
193, 192, 36, 1
190, 192, 36, 1
192, 195, 36, 1
192, 192, 36, 1
191, 191, 36, 1
192, 191, 36, 1
192, 192, 36, 1
186, 190, 35, 1
192, 192, 36, 1
192, 192, 35, 1
193, 190, 35, 1
186, 191, 35, 1
188, 192, 35, 1
188, 196, 35, 1
188, 193, 35, 1
188, 192, 35, 1
189, 191, 36, 1
188, 191, 35, 1
188, 191, 35, 1
188, 191, 36, 1
192, 191, 35, 1
188, 191, 35, 1
188, 192, 35, 1
188, 190, 35, 1
192, 190, 35, 1
188, 192, 35, 1
187, 192, 35, 1
188, 191, 35, 1
188, 192, 35, 1
188, 192, 35, 1
188, 193, 36, 1
188, 195, 35, 1
191, 195, 35, 1
190, 192, 35, 1
192, 192, 35, 1
192, 192, 35, 1
192, 192, 35, 1
195, 193, 35, 1
193, 190, 35, 1
192, 192, 35, 1
193, 195, 35, 1
197, 191, 35, 1
191, 368, 97, 1
196, 190, 35, 1
191, 190, 35, 1
176, 272, 40, 2
176, 276, 40, 2
176, 274, 40, 2
180, 272, 40, 2
172, 266, 40, 2
172, 267, 40, 2
176, 272, 40, 2
175, 267, 40, 2
180, 275, 40, 2
172, 265, 40, 2
180, 267, 40, 2
175, 268, 40, 2
172, 267, 40, 2
176, 266, 40, 2
176, 270, 40, 2
176, 271, 40, 2
180, 268, 40, 2
175, 271, 40, 2
176, 273, 40, 2
175, 270, 40, 2
180, 271, 40, 2
172, 275, 40, 2
177, 270, 40, 2
175, 271, 40, 2
175, 267, 40, 2
175, 274, 40, 2
176, 273, 40, 2
171, 266, 40, 2
179, 266, 40, 2
176, 271, 40, 2
179, 267, 40, 2
173, 258, 40, 2
175, 255, 40, 2
175, 257, 40, 2
172, 255, 40, 2
175, 247, 40, 2
173, 243, 40, 2
176, 242, 40, 2
172, 243, 40, 2
173, 238, 40, 2
172, 231, 40, 2
176, 220, 40, 2
176, 171, 39, 2
179, 164, 40, 2
184, 164, 39, 2
180, 160, 40, 2
176, 155, 40, 2
179, 159, 40, 2
234, 160, 41, 2
507, 155, 41, 2
307, 158, 41, 2
386, 167, 42, 2
757, 166, 42, 2
496, 179, 42, 2
503, 199, 42, 2
497, 211, 42, 2
559, 218, 42, 2
569, 219, 43, 2
544, 223, 43, 2
360, 230, 43, 2
303, 234, 43, 2
263, 234, 43, 2
228, 238, 43, 2
195, 242, 43, 2
179, 250, 43, 2
179, 252, 44, 2
179, 255, 44, 2
171, 260, 44, 2
180, 268, 44, 2
172, 272, 44, 2
176, 279, 44, 2
172, 281, 44, 2
173, 296, 44, 2
176, 297, 44, 2
168, 307, 44, 2
168, 311, 44, 2
173, 311, 44, 2
172, 315, 44, 2
167, 327, 44, 2
167, 334, 44, 2
169, 346, 44, 2
168, 359, 44, 2
167, 376, 44, 2
172, 377, 44, 2
171, 397, 44, 2
171, 412, 43, 2
172, 454, 43, 2
172, 463, 43, 2
168, 480, 43, 2
168, 495, 43, 2
164, 517, 43, 2
169, 560, 43, 2
172, 576, 42, 2
173, 595, 42, 2
168, 606, 42, 2
174, 612, 42, 2
171, 581, 42, 2
175, 576, 41, 2
168, 561, 41, 2
169, 562, 41, 2
172, 539, 41, 2
168, 529, 41, 2
172, 510, 41, 2
172, 504, 41, 2
175, 498, 40, 2
167, 492, 40, 2
172, 476, 40, 2
168, 473, 40, 2
167, 455, 40, 2
168, 452, 39, 2
169, 435, 39, 2
168, 423, 39, 2
169, 409, 38, 2
171, 387, 38, 2
173, 382, 38, 2
172, 369, 38, 2
179, 361, 38, 2
171, 344, 38, 2
172, 332, 37, 2
175, 322, 37, 2
177, 307, 37, 2
180, 299, 37, 2
175, 298, 37, 2
175, 286, 37, 2
177, 276, 37, 2
180, 274, 37, 2
177, 271, 37, 2
176, 268, 37, 2
177, 260, 37, 2
176, 252, 37, 2
177, 246, 37, 2
176, 239, 38, 2
178, 238, 37, 2
176, 239, 38, 2
181, 235, 37, 2
176, 230, 38, 2
177, 220, 38, 2
176, 200, 38, 2
179, 195, 38, 2
180, 195, 38, 2
180, 195, 38, 2
175, 188, 39, 2
176, 179, 38, 2
174, 176, 39, 2
176, 171, 39, 2
179, 172, 39, 2
175, 168, 39, 2
177, 167, 40, 2
179, 172, 40, 2
176, 179, 40, 2
185, 200, 39, 2
181, 199, 39, 2
179, 211, 39, 2
176, 216, 40, 2
176, 223, 40, 2
177, 222, 40, 2
175, 231, 40, 2
176, 239, 40, 2
172, 243, 40, 2
171, 251, 40, 2
180, 254, 40, 2
180, 263, 40, 2
175, 271, 40, 2
176, 278, 40, 2
184, 283, 41, 2
180, 291, 41, 2
179, 294, 41, 2
180, 294, 41, 2
178, 302, 42, 2
180, 307, 42, 2
176, 310, 42, 2
176, 322, 42, 2
175, 333, 42, 2
176, 344, 43, 2
176, 353, 43, 2
175, 371, 43, 2
171, 380, 43, 2
176, 401, 43, 2
176, 421, 44, 2
176, 444, 44, 2
176, 461, 44, 2
180, 472, 44, 2
176, 479, 44, 2
172, 498, 44, 2
172, 515, 45, 2
175, 545, 44, 2
173, 538, 44, 2
175, 541, 44, 2
176, 545, 44, 2
172, 559, 44, 2
171, 595, 43, 2
176, 600, 43, 2
169, 594, 43, 2
172, 568, 43, 2
165, 534, 42, 2
172, 521, 42, 2
165, 511, 42, 2
164, 482, 42, 2
165, 477, 42, 2
163, 464, 41, 2
165, 453, 41, 2
172, 448, 41, 2
168, 444, 41, 2
167, 448, 41, 2
172, 449, 41, 2
167, 451, 41, 2
163, 454, 41, 2
171, 449, 41, 2
175, 436, 41, 2
176, 415, 42, 2
175, 391, 41, 2
176, 372, 41, 2
176, 372, 41, 2
172, 359, 41, 2
180, 349, 41, 2
180, 317, 41, 2
172, 309, 41, 2
176, 297, 41, 2
176, 296, 40, 2
176, 290, 41, 2
176, 286, 41, 2
176, 279, 41, 2
176, 275, 41, 2
179, 268, 41, 2
179, 267, 41, 2
179, 260, 41, 2
176, 256, 41, 2
180, 253, 41, 2
176, 246, 41, 2
177, 241, 41, 2
175, 235, 42, 2
185, 224, 42, 2
520, 216, 43, 2
588, 223, 43, 2
604, 220, 43, 2
620, 219, 43, 2
642, 220, 43, 2
719, 216, 43, 2
710, 211, 44, 2
759, 199, 44, 2
740, 208, 45, 2
694, 196, 45, 2
663, 179, 46, 2
640, 171, 46, 2
636, 172, 46, 2
631, 171, 47, 2
619, 164, 47, 2
615, 160, 47, 2
615, 164, 47, 2
611, 163, 47, 2
609, 160, 47, 2
616, 165, 46, 2
637, 172, 46, 2
648, 175, 45, 2
667, 180, 45, 2
673, 179, 44, 2
683, 176, 44, 2
706, 176, 44, 2
726, 174, 44, 2
721, 175, 43, 2
672, 187, 43, 2
573, 204, 42, 2
207, 207, 42, 2
187, 210, 42, 2
177, 218, 42, 2
176, 216, 42, 2
177, 224, 41, 2
174, 231, 41, 2
181, 236, 41, 2
176, 239, 41, 2
176, 245, 40, 2
176, 251, 41, 2
176, 252, 40, 2
172, 260, 40, 2
176, 262, 40, 2
176, 271, 40, 2
184, 275, 40, 2
181, 282, 40, 2
183, 293, 40, 2
177, 295, 40, 2
183, 297, 40, 2
180, 303, 39, 2
176, 311, 40, 2
180, 318, 39, 2
180, 323, 40, 2
179, 332, 40, 2
181, 346, 40, 2
176, 355, 40, 2
179, 368, 40, 2
180, 369, 40, 2
176, 387, 39, 2
184, 398, 40, 2
176, 413, 40, 2
172, 439, 40, 2
172, 451, 40, 2
173, 479, 40, 2
164, 495, 40, 2
173, 529, 40, 2
168, 521, 40, 2
173, 529, 40, 2
180, 567, 41, 2
164, 579, 41, 2
164, 641, 41, 2
167, 681, 41, 2
147, 707, 42, 2
167, 705, 42, 2
167, 705, 42, 2
160, 707, 43, 2
164, 707, 43, 2
167, 694, 43, 2
172, 691, 43, 2
168, 671, 43, 2
159, 660, 44, 2
172, 640, 44, 2
181, 627, 44, 2
181, 600, 45, 2
176, 574, 45, 2
173, 536, 45, 2
172, 515, 45, 2
180, 497, 45, 2
172, 479, 45, 2
172, 461, 45, 2
174, 441, 45, 2
176, 427, 45, 2
176, 404, 44, 2
176, 393, 44, 2
173, 375, 44, 2
176, 363, 44, 2
173, 358, 44, 2
174, 351, 43, 2
177, 342, 43, 2
176, 339, 43, 2
176, 336, 43, 2
175, 321, 43, 2
176, 312, 42, 2
176, 310, 42, 2
172, 302, 42, 2
177, 298, 42, 2
176, 288, 42, 2
167, 289, 41, 2
176, 279, 42, 2
172, 275, 41, 2
172, 268, 41, 2
168, 260, 41, 2
172, 253, 40, 2
172, 252, 40, 2
176, 247, 40, 2
176, 238, 40, 2
176, 221, 40, 2
177, 215, 40, 2
176, 192, 39, 2
176, 183, 39, 2
175, 171, 39, 2
175, 164, 39, 2
176, 160, 39, 2
177, 165, 39, 2
175, 167, 38, 2
176, 180, 38, 2
176, 183, 38, 2
177, 188, 38, 2
180, 196, 38, 2
177, 191, 38, 2
183, 199, 38, 2
169, 215, 39, 2
173, 228, 39, 2
178, 230, 40, 2
188, 230, 40, 2
330, 228, 40, 2
645, 226, 41, 2
761, 211, 41, 2
760, 204, 41, 2
761, 195, 41, 2
763, 191, 42, 2
728, 175, 42, 2
705, 163, 42, 2
655, 158, 43, 2
596, 152, 43, 2
588, 155, 43, 2
598, 161, 43, 2
622, 168, 44, 2
613, 171, 44, 2
578, 187, 44, 2
536, 199, 44, 2
463, 220, 44, 2
392, 226, 44, 2
256, 243, 44, 2
231, 248, 45, 2
209, 256, 44, 2
195, 260, 44, 2
192, 263, 45, 2
179, 267, 44, 2
172, 275, 45, 2
172, 284, 44, 2
173, 290, 44, 2
171, 302, 44, 2
169, 312, 44, 2
170, 316, 44, 2
172, 327, 44, 2
168, 334, 44, 2
172, 357, 44, 2
168, 367, 43, 2
169, 382, 43, 2
167, 392, 43, 2
173, 400, 43, 2
168, 429, 43, 2
172, 449, 43, 2
175, 500, 42, 2
175, 512, 42, 2
172, 516, 42, 2
172, 531, 42, 2
173, 537, 41, 2
173, 537, 41, 2
172, 519, 41, 2
172, 507, 40, 2
173, 491, 40, 2
176, 487, 40, 2
173, 470, 40, 2
176, 443, 40, 2
176, 432, 40, 2
176, 404, 40, 2
179, 390, 39, 2
180, 363, 39, 2
180, 345, 39, 2
172, 335, 39, 2
175, 319, 39, 2
172, 313, 39, 2
172, 290, 39, 2
172, 283, 39, 2
172, 263, 38, 2
173, 254, 39, 2
176, 243, 39, 2
178, 234, 39, 2
175, 223, 39, 2
177, 201, 39, 2
175, 179, 39, 2
176, 172, 40, 2
175, 172, 40, 2
176, 164, 40, 2
177, 159, 40, 2
179, 158, 40, 2
168, 172, 40, 2
180, 175, 41, 2
306, 195, 41, 2
758, 204, 41, 2
756, 208, 42, 2
760, 220, 43, 2
760, 220, 43, 2
735, 220, 43, 2
691, 211, 44, 2
641, 203, 44, 2
590, 199, 45, 2
579, 183, 45, 2
545, 170, 45, 2
524, 166, 46, 2
503, 155, 46, 2
472, 147, 47, 2
456, 147, 46, 2
435, 147, 47, 2
429, 151, 47, 2
413, 156, 47, 2
406, 156, 47, 2
401, 169, 47, 2
414, 170, 47, 2
423, 197, 47, 2
435, 195, 47, 2
445, 216, 46, 2
440, 222, 47, 2
448, 227, 46, 2
440, 240, 46, 2
455, 240, 46, 2
408, 247, 45, 2
258, 258, 45, 2
180, 267, 45, 2
172, 274, 44, 2
172, 279, 44, 2
168, 286, 44, 2
172, 290, 44, 2
172, 299, 44, 2
175, 305, 44, 2
173, 318, 43, 2
172, 326, 43, 2
172, 332, 43, 2
171, 347, 43, 2
176, 359, 43, 2
176, 380, 43, 2
176, 382, 43, 2
169, 386, 43, 2
172, 396, 43, 2
175, 411, 43, 2
171, 432, 43, 2
179, 432, 43, 2
172, 432, 43, 2
168, 427, 43, 2
172, 432, 43, 2
173, 430, 42, 2
167, 425, 42, 2
173, 436, 43, 2
171, 434, 42, 2
189, 179, 43, 3
180, 180, 43, 3
185, 182, 43, 3
188, 178, 43, 3
187, 179, 43, 3
188, 175, 43, 3
184, 182, 43, 3
188, 179, 43, 3
185, 180, 43, 3
183, 180, 43, 3
185, 184, 43, 3
185, 178, 42, 3
183, 175, 42, 3
185, 179, 42, 3
179, 179, 41, 3
184, 180, 41, 3
184, 182, 41, 3
177, 180, 41, 3
180, 188, 40, 3
177, 180, 40, 3
182, 184, 40, 3
176, 179, 40, 3
183, 185, 40, 3
177, 180, 40, 3
176, 180, 39, 3
184, 184, 39, 3
176, 179, 39, 3
181, 184, 39, 3
176, 179, 39, 3
168, 181, 40, 3
164, 179, 40, 3
167, 179, 40, 3
155, 204, 41, 3
161, 302, 41, 3
155, 647, 41, 3
156, 722, 42, 3
156, 701, 42, 3
160, 661, 42, 3
162, 638, 43, 3
168, 586, 43, 3
159, 559, 44, 3
173, 532, 44, 3
172, 519, 44, 3
175, 510, 45, 3
171, 487, 45, 3
171, 458, 45, 3
180, 412, 45, 3
179, 386, 45, 3
175, 358, 45, 3
183, 298, 45, 3
188, 246, 45, 3
181, 215, 45, 3
184, 212, 45, 3
184, 196, 45, 3
185, 186, 45, 3
180, 184, 45, 3
185, 183, 45, 3
179, 176, 45, 3
188, 177, 45, 3
184, 176, 45, 3
189, 179, 45, 3
184, 177, 44, 3
185, 174, 44, 3
188, 180, 44, 3
187, 179, 44, 3
187, 175, 44, 3
197, 180, 44, 3
193, 178, 44, 3
203, 180, 44, 3
223, 180, 43, 3
296, 185, 43, 3
393, 184, 43, 3
423, 183, 43, 3
277, 178, 42, 3
255, 180, 42, 3
267, 184, 42, 3
231, 184, 42, 3
205, 184, 42, 3
204, 179, 41, 3
196, 184, 41, 3
201, 183, 41, 3
197, 184, 40, 3
195, 183, 40, 3
196, 187, 40, 3
195, 188, 39, 3
197, 188, 39, 3
192, 188, 39, 3
198, 187, 39, 3
192, 187, 39, 3
193, 189, 39, 3
203, 190, 38, 3
196, 184, 38, 3
192, 184, 38, 3
189, 186, 38, 3
192, 187, 39, 3
187, 184, 39, 3
193, 184, 39, 3
192, 187, 39, 3
192, 188, 39, 3
188, 183, 39, 3
188, 179, 39, 3
188, 185, 40, 3
187, 179, 40, 3
184, 180, 41, 3
188, 180, 41, 3
183, 179, 41, 3
183, 175, 41, 3
184, 179, 42, 3
189, 179, 42, 3
188, 174, 42, 3
193, 176, 43, 3
184, 176, 43, 3
184, 172, 43, 3
176, 175, 44, 3
188, 175, 44, 3
175, 194, 44, 3
183, 203, 44, 3
173, 207, 44, 3
176, 230, 44, 3
179, 246, 44, 3
184, 333, 44, 3
177, 392, 44, 3
172, 443, 44, 3
167, 476, 44, 3
172, 496, 44, 3
175, 502, 44, 3
171, 505, 44, 3
160, 539, 44, 3
175, 564, 44, 3
165, 629, 44, 3
169, 685, 43, 3
164, 733, 43, 3
159, 749, 43, 3
161, 746, 42, 3
159, 741, 42, 3
164, 730, 42, 3
156, 711, 42, 3
156, 695, 41, 3
156, 724, 41, 3
159, 762, 41, 3
165, 742, 40, 3
156, 211, 40, 3
169, 183, 40, 3
163, 180, 40, 3
173, 179, 40, 3
192, 179, 40, 3
177, 184, 40, 3
176, 179, 40, 3
177, 184, 40, 3
180, 184, 39, 3
185, 183, 40, 3
175, 180, 40, 3
183, 184, 40, 3
179, 183, 40, 3
180, 183, 40, 3
184, 183, 40, 3
184, 188, 40, 3
188, 187, 40, 3
184, 183, 40, 3
187, 183, 40, 3
184, 185, 40, 3
188, 183, 40, 3
193, 183, 40, 3
192, 183, 40, 3
190, 185, 40, 3
191, 184, 40, 3
188, 184, 40, 3
188, 185, 40, 3
192, 184, 40, 3
194, 186, 40, 3
195, 184, 40, 3
196, 178, 41, 3
204, 183, 41, 3
287, 180, 41, 3
755, 183, 42, 3
762, 179, 42, 3
757, 189, 43, 3
760, 184, 43, 3
753, 183, 44, 3
755, 183, 44, 3
761, 179, 44, 3
752, 180, 44, 3
728, 179, 45, 3
719, 180, 44, 3
707, 180, 45, 3
685, 178, 45, 3
651, 175, 45, 3
626, 175, 45, 3
604, 174, 44, 3
567, 176, 45, 3
554, 180, 45, 3
580, 175, 45, 3
565, 175, 45, 3
497, 175, 45, 3
314, 176, 45, 3
245, 177, 45, 3
208, 176, 45, 3
195, 183, 45, 3
189, 176, 45, 3
189, 175, 45, 3
183, 174, 45, 3
185, 177, 44, 3
180, 175, 44, 3
176, 176, 44, 3
180, 176, 44, 3
180, 176, 44, 3
180, 187, 43, 3
184, 192, 43, 3
177, 216, 43, 3
179, 223, 43, 3
173, 256, 43, 3
177, 362, 43, 3
172, 451, 43, 3
172, 477, 42, 3
181, 519, 42, 3
172, 658, 42, 3
177, 695, 42, 3
177, 736, 42, 3
165, 754, 42, 3
172, 749, 42, 3
173, 753, 42, 3
171, 750, 43, 3
172, 752, 43, 3
172, 710, 43, 3
173, 675, 43, 3
188, 408, 43, 3
173, 266, 43, 3
180, 195, 43, 3
184, 184, 43, 3
180, 178, 43, 3
175, 186, 43, 3
180, 178, 43, 3
179, 179, 43, 3
183, 182, 43, 3
185, 185, 43, 3
184, 184, 43, 3
184, 179, 43, 3
186, 180, 43, 3
183, 179, 43, 3
185, 181, 43, 3
184, 179, 43, 3
184, 179, 43, 3
188, 179, 43, 3
189, 184, 43, 3
188, 181, 43, 3
187, 182, 43, 3
193, 179, 42, 3
200, 184, 42, 3
196, 178, 42, 3
211, 176, 42, 3
254, 180, 42, 3
356, 180, 42, 3
526, 186, 42, 3
574, 184, 42, 3
761, 179, 42, 3
755, 179, 43, 3
761, 184, 42, 3
755, 182, 43, 3
685, 180, 42, 3
674, 180, 43, 3
675, 179, 43, 3
670, 179, 42, 3
673, 177, 42, 3
689, 180, 43, 3
709, 178, 42, 3
299, 174, 42, 3
192, 176, 41, 3
196, 183, 40, 3
189, 177, 40, 3
188, 181, 40, 3
188, 180, 40, 3
191, 178, 39, 3
188, 179, 39, 3
192, 179, 39, 3
192, 179, 39, 3
190, 176, 39, 3
189, 176, 39, 3
186, 177, 39, 3
181, 180, 39, 3
171, 179, 39, 3
143, 175, 39, 3
142, 175, 39, 3
137, 179, 39, 3
137, 180, 39, 3
135, 178, 38, 3
135, 180, 38, 3
139, 175, 38, 3
142, 362, 69, 3
144, 176, 38, 3
159, 167, 38, 3
159, 172, 38, 3
161, 163, 38, 3
160, 169, 38, 3
160, 172, 39, 3
151, 175, 39, 3
152, 170, 39, 3
142, 179, 39, 3
140, 180, 39, 3
143, 203, 39, 3
140, 227, 40, 3
143, 227, 40, 3
159, 227, 40, 3
155, 232, 40, 3
160, 260, 41, 3
164, 391, 41, 3
167, 743, 41, 3
156, 748, 42, 3
147, 750, 42, 3
156, 733, 42, 3
164, 693, 43, 3
179, 636, 43, 3
176, 425, 43, 3
172, 361, 44, 3
180, 203, 44, 3
179, 188, 44, 3
185, 183, 44, 3
187, 184, 44, 3
185, 190, 44, 3
179, 188, 44, 3
188, 188, 44, 3
188, 184, 44, 3
199, 186, 44, 3
218, 197, 44, 3
240, 187, 44, 3
287, 190, 44, 3
315, 193, 44, 3
323, 192, 44, 3
323, 192, 44, 3
336, 197, 44, 3
348, 190, 44, 3
353, 193, 44, 3
367, 192, 44, 3
428, 191, 44, 3
421, 191, 44, 3
419, 188, 44, 3
416, 192, 44, 3
422, 192, 44, 3
432, 191, 43, 3
444, 192, 43, 3
480, 195, 43, 3
505, 191, 44, 3
521, 192, 43, 3
548, 188, 43, 3
564, 191, 43, 3
583, 196, 43, 3
590, 192, 42, 3
575, 186, 42, 3
528, 187, 41, 3
351, 187, 41, 3
204, 188, 41, 3
196, 187, 40, 3
193, 187, 39, 3
193, 185, 39, 3
192, 184, 39, 3
191, 183, 39, 3
192, 296, 39, 3
188, 180, 39, 3
188, 180, 38, 3
192, 181, 38, 3
192, 179, 38, 3
184, 180, 38, 3
177, 174, 38, 3
172, 179, 38, 3
156, 175, 38, 3
156, 175, 38, 3
151, 175, 38, 3
152, 174, 38, 3
147, 176, 38, 3
152, 180, 38, 3
168, 176, 38, 3
162, 183, 38, 3
161, 180, 38, 3
156, 178, 38, 3
159, 176, 38, 3
144, 179, 38, 3
148, 181, 38, 3
148, 180, 38, 3
139, 176, 38, 3
137, 179, 38, 3
138, 176, 38, 3
136, 179, 38, 3
137, 175, 38, 3
139, 175, 38, 3
135, 175, 38, 3
138, 175, 38, 3
139, 175, 38, 3
135, 175, 38, 3
138, 180, 38, 3
142, 176, 38, 3
142, 176, 39, 3
142, 175, 39, 3
140, 176, 39, 3
142, 180, 39, 3
138, 183, 39, 3
138, 242, 39, 3
140, 527, 40, 3
141, 760, 40, 3
144, 757, 40, 3
136, 740, 41, 3
136, 698, 41, 3
139, 669, 41, 3
137, 631, 42, 3
137, 615, 42, 3
135, 589, 42, 3
137, 549, 42, 3
136, 514, 42, 3
136, 466, 42, 3
136, 427, 42, 3
136, 399, 42, 3
140, 328, 42, 3
138, 293, 42, 3
136, 269, 43, 3
142, 240, 43, 3
142, 207, 43, 3
143, 199, 43, 3
153, 192, 42, 3
148, 183, 42, 3
148, 183, 42, 3
148, 181, 42, 3
160, 174, 42, 3
159, 175, 42, 3
168, 177, 42, 3
167, 183, 42, 3
168, 176, 43, 3
172, 171, 42, 3
173, 172, 42, 3
168, 172, 42, 3
176, 172, 42, 3
176, 171, 42, 3
172, 175, 42, 3
171, 177, 42, 3
176, 175, 42, 3
180, 175, 41, 3
183, 180, 41, 3
183, 179, 41, 3
179, 176, 41, 3
177, 176, 40, 3
179, 177, 40, 3
172, 176, 40, 3
175, 171, 40, 3
179, 176, 40, 3
183, 176, 40, 3
183, 176, 40, 3
189, 175, 40, 3
195, 175, 40, 3
191, 179, 41, 3
195, 176, 40, 3
196, 181, 41, 3
196, 183, 41, 3
193, 179, 41, 3
193, 183, 41, 3
229, 180, 42, 3
376, 181, 42, 3
455, 180, 42, 3
455, 179, 42, 3
477, 184, 42, 3
488, 179, 42, 3
425, 175, 42, 3
417, 180, 42, 3
380, 179, 42, 3
352, 175, 42, 3
239, 180, 42, 3
211, 175, 42, 3
197, 180, 42, 3
191, 183, 42, 3
194, 175, 42, 3
192, 179, 42, 3
189, 178, 42, 3
180, 176, 42, 3
188, 180, 42, 3
184, 176, 42, 3
189, 177, 42, 3
183, 183, 42, 3
189, 177, 42, 3
184, 171, 42, 3
173, 176, 42, 3
172, 176, 42, 3
173, 180, 42, 3
172, 188, 42, 3
176, 195, 43, 3
169, 199, 42, 3
171, 223, 42, 3
172, 227, 42, 3
172, 362, 42, 3
172, 379, 42, 3
179, 451, 42, 3
171, 445, 42, 3
172, 440, 42, 3
179, 481, 42, 3
173, 529, 42, 3
177, 410, 42, 3
176, 324, 42, 3
173, 263, 42, 3
181, 238, 41, 3
172, 236, 41, 3
172, 216, 41, 3
172, 204, 41, 3
174, 200, 41, 3
